<Anims>
 <anim name="anim" root="gogglesnormalhat" numframes="25" framerate="40">
  <frame idx="0" w="196" h="123" x="-5.349945" y="-22.875038">
   <element name="swap_hat" layername="swap_hat" frame="3" z_index="1" m_a="1.000000" m_b="0.000000" m_c="0.000000" m_d="1.000000" m_tx="-1.600000" m_ty="-1.550000"/>
  </frame>
 </anim>
 <anim name="idle_water" root="gogglesnormalhat" numframes="1200" framerate="40">
  <frame idx="0" w="207" h="91" x="4.075005" y="-1.150002">
   <element name="swap_hat_water" layername="swap_hat_water" frame="0" z_index="-3" m_a="1.000000" m_b="0.000000" m_c="0.000000" m_d="1.000000" m_tx="10.200000" m_ty="-6.750000"/>
  </frame>
  <frame idx="25" w="207" h="91" x="4.075005" y="-1.039707">
   <element name="swap_hat_water" layername="swap_hat_water" frame="0" z_index="-3" m_a="1.000000" m_b="0.000000" m_c="0.000000" m_d="1.000000" m_tx="10.200000" m_ty="-6.639706"/>
  </frame>
  <frame idx="50" w="207" h="90" x="4.075005" y="-0.927273">
   <element name="swap_hat_water" layername="swap_hat_water" frame="0" z_index="-3" m_a="1.000000" m_b="0.000000" m_c="0.000000" m_d="1.000000" m_tx="10.200000" m_ty="-6.527273"/>
  </frame>
  <frame idx="75" w="207" h="90" x="4.075005" y="-0.813637">
   <element name="swap_hat_water" layername="swap_hat_water" frame="0" z_index="-3" m_a="1.000000" m_b="0.000000" m_c="0.000000" m_d="1.000000" m_tx="10.200000" m_ty="-6.413636"/>
  </frame>
  <frame idx="100" w="207" h="90" x="4.075005" y="-0.700001">
   <element name="swap_hat_water" layername="swap_hat_water" frame="0" z_index="-3" m_a="1.000000" m_b="0.000000" m_c="0.000000" m_d="1.000000" m_tx="10.200000" m_ty="-6.300000"/>
  </frame>
  <frame idx="125" w="207" h="90" x="4.075005" y="-0.626472">
   <element name="swap_hat_water" layername="swap_hat_water" frame="0" z_index="-3" m_a="1.000000" m_b="0.000000" m_c="0.000000" m_d="1.000000" m_tx="10.200000" m_ty="-6.226470"/>
  </frame>
  <frame idx="150" w="207" h="90" x="4.075005" y="-0.527275">
   <element name="swap_hat_water" layername="swap_hat_water" frame="0" z_index="-3" m_a="1.000000" m_b="0.000000" m_c="0.000000" m_d="1.000000" m_tx="10.200000" m_ty="-6.127273"/>
  </frame>
  <frame idx="175" w="207" h="90" x="4.075005" y="-0.413639">
   <element name="swap_hat_water" layername="swap_hat_water" frame="0" z_index="-3" m_a="1.000000" m_b="0.000000" m_c="0.000000" m_d="1.000000" m_tx="10.200000" m_ty="-6.013637"/>
  </frame>
  <frame idx="200" w="207" h="90" x="4.075005" y="-0.300003">
   <element name="swap_hat_water" layername="swap_hat_water" frame="0" z_index="-3" m_a="1.000000" m_b="0.000000" m_c="0.000000" m_d="1.000000" m_tx="10.200000" m_ty="-5.900000"/>
  </frame>
  <frame idx="225" w="207" h="90" x="4.075005" y="-0.189709">
   <element name="swap_hat_water" layername="swap_hat_water" frame="0" z_index="-3" m_a="1.000000" m_b="0.000000" m_c="0.000000" m_d="1.000000" m_tx="10.200000" m_ty="-5.789706"/>
  </frame>
  <frame idx="250" w="207" h="90" x="4.075005" y="-0.077274">
   <element name="swap_hat_water" layername="swap_hat_water" frame="0" z_index="-3" m_a="1.000000" m_b="0.000000" m_c="0.000000" m_d="1.000000" m_tx="10.200000" m_ty="-5.677273"/>
  </frame>
  <frame idx="275" w="207" h="88" x="4.075005" y="0.036362">
   <element name="swap_hat_water" layername="swap_hat_water" frame="0" z_index="-3" m_a="1.000000" m_b="0.000000" m_c="0.000000" m_d="1.000000" m_tx="10.200000" m_ty="-5.563636"/>
  </frame>
  <frame idx="300" w="207" h="88" x="4.075005" y="0.149998">
   <element name="swap_hat_water" layername="swap_hat_water" frame="0" z_index="-3" m_a="1.000000" m_b="0.000000" m_c="0.000000" m_d="1.000000" m_tx="10.200000" m_ty="-5.450000"/>
  </frame>
  <frame idx="325" w="207" h="88" x="4.038246" y="0.223526">
   <element name="swap_hat_water" layername="swap_hat_water" frame="0" z_index="-3" m_a="1.000000" m_b="0.000000" m_c="0.000000" m_d="1.000000" m_tx="10.163235" m_ty="-5.376471"/>
  </frame>
  <frame idx="350" w="207" h="88" x="4.025009" y="0.322727">
   <element name="swap_hat_water" layername="swap_hat_water" frame="0" z_index="-3" m_a="1.000000" m_b="0.000000" m_c="0.000000" m_d="1.000000" m_tx="10.150000" m_ty="-5.277273"/>
  </frame>
  <frame idx="375" w="207" h="88" x="4.025009" y="0.436363">
   <element name="swap_hat_water" layername="swap_hat_water" frame="0" z_index="-3" m_a="1.000000" m_b="0.000000" m_c="0.000000" m_d="1.000000" m_tx="10.150000" m_ty="-5.163636"/>
  </frame>
  <frame idx="400" w="207" h="88" x="4.025009" y="0.549999">
   <element name="swap_hat_water" layername="swap_hat_water" frame="0" z_index="-3" m_a="1.000000" m_b="0.000000" m_c="0.000000" m_d="1.000000" m_tx="10.150000" m_ty="-5.050000"/>
  </frame>
  <frame idx="425" w="207" h="88" x="4.025009" y="0.660294">
   <element name="swap_hat_water" layername="swap_hat_water" frame="0" z_index="-3" m_a="1.000000" m_b="0.000000" m_c="0.000000" m_d="1.000000" m_tx="10.150000" m_ty="-4.939706"/>
  </frame>
  <frame idx="450" w="207" h="88" x="4.025009" y="0.772724">
   <element name="swap_hat_water" layername="swap_hat_water" frame="0" z_index="-3" m_a="1.000000" m_b="0.000000" m_c="0.000000" m_d="1.000000" m_tx="10.150000" m_ty="-4.827273"/>
  </frame>
  <frame idx="475" w="207" h="88" x="4.025009" y="0.886360">
   <element name="swap_hat_water" layername="swap_hat_water" frame="0" z_index="-3" m_a="1.000000" m_b="0.000000" m_c="0.000000" m_d="1.000000" m_tx="10.150000" m_ty="-4.713636"/>
  </frame>
  <frame idx="500" w="207" h="87" x="4.025009" y="1.000000">
   <element name="swap_hat_water" layername="swap_hat_water" frame="0" z_index="-3" m_a="1.000000" m_b="0.000000" m_c="0.000000" m_d="1.000000" m_tx="10.150000" m_ty="-4.600000"/>
  </frame>
  <frame idx="525" w="207" h="87" x="4.025009" y="1.073528">
   <element name="swap_hat_water" layername="swap_hat_water" frame="0" z_index="-3" m_a="1.000000" m_b="0.000000" m_c="0.000000" m_d="1.000000" m_tx="10.150000" m_ty="-4.526471"/>
  </frame>
  <frame idx="550" w="207" h="87" x="4.025009" y="1.172726">
   <element name="swap_hat_water" layername="swap_hat_water" frame="0" z_index="-3" m_a="1.000000" m_b="0.000000" m_c="0.000000" m_d="1.000000" m_tx="10.150000" m_ty="-4.427273"/>
  </frame>
  <frame idx="575" w="207" h="87" x="4.037132" y="1.274242">
   <element name="swap_hat_water" layername="swap_hat_water" frame="0" z_index="-3" m_a="1.000000" m_b="0.000000" m_c="0.000000" m_d="1.000000" m_tx="10.162121" m_ty="-4.325758"/>
  </frame>
  <frame idx="600" w="207" h="87" x="4.075005" y="1.349998">
   <element name="swap_hat_water" layername="swap_hat_water" frame="0" z_index="-3" m_a="1.000000" m_b="0.000000" m_c="0.000000" m_d="1.000000" m_tx="10.200000" m_ty="-4.250000"/>
  </frame>
  <frame idx="625" w="207" h="87" x="4.075005" y="1.239704">
   <element name="swap_hat_water" layername="swap_hat_water" frame="0" z_index="-3" m_a="1.000000" m_b="0.000000" m_c="0.000000" m_d="1.000000" m_tx="10.200000" m_ty="-4.360294"/>
  </frame>
  <frame idx="650" w="207" h="87" x="4.075005" y="1.127270">
   <element name="swap_hat_water" layername="swap_hat_water" frame="0" z_index="-3" m_a="1.000000" m_b="0.000000" m_c="0.000000" m_d="1.000000" m_tx="10.200000" m_ty="-4.472727"/>
  </frame>
  <frame idx="675" w="207" h="87" x="4.075005" y="1.013634">
   <element name="swap_hat_water" layername="swap_hat_water" frame="0" z_index="-3" m_a="1.000000" m_b="0.000000" m_c="0.000000" m_d="1.000000" m_tx="10.200000" m_ty="-4.586364"/>
  </frame>
  <frame idx="700" w="207" h="88" x="4.075005" y="0.899998">
   <element name="swap_hat_water" layername="swap_hat_water" frame="0" z_index="-3" m_a="1.000000" m_b="0.000000" m_c="0.000000" m_d="1.000000" m_tx="10.200000" m_ty="-4.700000"/>
  </frame>
  <frame idx="725" w="207" h="88" x="4.075005" y="0.789703">
   <element name="swap_hat_water" layername="swap_hat_water" frame="0" z_index="-3" m_a="1.000000" m_b="0.000000" m_c="0.000000" m_d="1.000000" m_tx="10.200000" m_ty="-4.810294"/>
  </frame>
  <frame idx="750" w="207" h="88" x="4.075005" y="0.677273">
   <element name="swap_hat_water" layername="swap_hat_water" frame="0" z_index="-3" m_a="1.000000" m_b="0.000000" m_c="0.000000" m_d="1.000000" m_tx="10.200000" m_ty="-4.922727"/>
  </frame>
  <frame idx="775" w="207" h="88" x="4.075005" y="0.563637">
   <element name="swap_hat_water" layername="swap_hat_water" frame="0" z_index="-3" m_a="1.000000" m_b="0.000000" m_c="0.000000" m_d="1.000000" m_tx="10.200000" m_ty="-5.036364"/>
  </frame>
  <frame idx="800" w="207" h="88" x="4.075005" y="0.449997">
   <element name="swap_hat_water" layername="swap_hat_water" frame="0" z_index="-3" m_a="1.000000" m_b="0.000000" m_c="0.000000" m_d="1.000000" m_tx="10.200000" m_ty="-5.150000"/>
  </frame>
  <frame idx="825" w="207" h="88" x="4.075005" y="0.339703">
   <element name="swap_hat_water" layername="swap_hat_water" frame="0" z_index="-3" m_a="1.000000" m_b="0.000000" m_c="0.000000" m_d="1.000000" m_tx="10.200000" m_ty="-5.260294"/>
  </frame>
  <frame idx="850" w="207" h="88" x="4.075005" y="0.227272">
   <element name="swap_hat_water" layername="swap_hat_water" frame="0" z_index="-3" m_a="1.000000" m_b="0.000000" m_c="0.000000" m_d="1.000000" m_tx="10.200000" m_ty="-5.372727"/>
  </frame>
  <frame idx="875" w="207" h="88" x="4.087128" y="0.113636">
   <element name="swap_hat_water" layername="swap_hat_water" frame="0" z_index="-3" m_a="1.000000" m_b="0.000000" m_c="0.000000" m_d="1.000000" m_tx="10.212121" m_ty="-5.486363"/>
  </frame>
  <frame idx="900" w="207" h="88" x="4.125008" y="0.000000">
   <element name="swap_hat_water" layername="swap_hat_water" frame="0" z_index="-3" m_a="1.000000" m_b="0.000000" m_c="0.000000" m_d="1.000000" m_tx="10.250000" m_ty="-5.600000"/>
  </frame>
  <frame idx="925" w="207" h="90" x="4.125008" y="-0.110294">
   <element name="swap_hat_water" layername="swap_hat_water" frame="0" z_index="-3" m_a="1.000000" m_b="0.000000" m_c="0.000000" m_d="1.000000" m_tx="10.250000" m_ty="-5.710294"/>
  </frame>
  <frame idx="950" w="207" h="90" x="4.125008" y="-0.222729">
   <element name="swap_hat_water" layername="swap_hat_water" frame="0" z_index="-3" m_a="1.000000" m_b="0.000000" m_c="0.000000" m_d="1.000000" m_tx="10.250000" m_ty="-5.822727"/>
  </frame>
  <frame idx="975" w="207" h="90" x="4.125008" y="-0.336365">
   <element name="swap_hat_water" layername="swap_hat_water" frame="0" z_index="-3" m_a="1.000000" m_b="0.000000" m_c="0.000000" m_d="1.000000" m_tx="10.250000" m_ty="-5.936364"/>
  </frame>
  <frame idx="1000" w="207" h="90" x="4.125008" y="-0.450001">
   <element name="swap_hat_water" layername="swap_hat_water" frame="0" z_index="-3" m_a="1.000000" m_b="0.000000" m_c="0.000000" m_d="1.000000" m_tx="10.250000" m_ty="-6.050000"/>
  </frame>
  <frame idx="1025" w="207" h="90" x="4.125008" y="-0.560295">
   <element name="swap_hat_water" layername="swap_hat_water" frame="0" z_index="-3" m_a="1.000000" m_b="0.000000" m_c="0.000000" m_d="1.000000" m_tx="10.250000" m_ty="-6.160294"/>
  </frame>
  <frame idx="1050" w="207" h="90" x="4.125008" y="-0.672729">
   <element name="swap_hat_water" layername="swap_hat_water" frame="0" z_index="-3" m_a="1.000000" m_b="0.000000" m_c="0.000000" m_d="1.000000" m_tx="10.250000" m_ty="-6.272727"/>
  </frame>
  <frame idx="1075" w="207" h="90" x="4.125008" y="-0.786366">
   <element name="swap_hat_water" layername="swap_hat_water" frame="0" z_index="-3" m_a="1.000000" m_b="0.000000" m_c="0.000000" m_d="1.000000" m_tx="10.250000" m_ty="-6.386364"/>
  </frame>
  <frame idx="1100" w="207" h="90" x="4.125008" y="-0.900002">
   <element name="swap_hat_water" layername="swap_hat_water" frame="0" z_index="-3" m_a="1.000000" m_b="0.000000" m_c="0.000000" m_d="1.000000" m_tx="10.250000" m_ty="-6.500000"/>
  </frame>
  <frame idx="1125" w="207" h="91" x="4.125008" y="-1.010296">
   <element name="swap_hat_water" layername="swap_hat_water" frame="0" z_index="-3" m_a="1.000000" m_b="0.000000" m_c="0.000000" m_d="1.000000" m_tx="10.250000" m_ty="-6.610294"/>
  </frame>
  <frame idx="1150" w="207" h="91" x="4.100761" y="-1.098488">
   <element name="swap_hat_water" layername="swap_hat_water" frame="0" z_index="-3" m_a="1.000000" m_b="0.000000" m_c="0.000000" m_d="1.000000" m_tx="10.225758" m_ty="-6.698485"/>
  </frame>
  <frame idx="1175" w="207" h="91" x="4.075005" y="-1.150002">
   <element name="swap_hat_water" layername="swap_hat_water" frame="0" z_index="-3" m_a="1.000000" m_b="0.000000" m_c="0.000000" m_d="1.000000" m_tx="10.200000" m_ty="-6.750000"/>
  </frame>
 </anim>
</Anims>
